,agent1_P9,agent1_P5,agent1_P6,agent1_P7,agent1_P3,agent1_P4,agent1_P2,agent1_P0,agent1_P8,agent1_P1,[agent1_P3| agent1_P4| agent1_P5| agent1_P6| agent1_P7| agent1_P9],[agent1_P0| agent1_P2| agent1_P5],[agent1_P0| agent1_P5| agent1_P6| agent1_P8],[agent1_P0| agent1_P2| agent1_P3| agent1_P8],[agent1_P2| agent1_P3| agent1_P8],[agent1_P5| agent1_P9],[agent1_P0| agent1_P1| agent1_P2| agent1_P5| agent1_P9],[agent1_P5| agent1_P6],[agent1_P6],[agent1_P0| agent1_P2| agent1_P3| agent1_P4| agent1_P6| agent1_P7| agent1_P8| agent1_P9],[agent1_P0| agent1_P1| agent1_P2| agent1_P7| agent1_P8],[agent1_P0| agent1_P6| agent1_P7| agent1_P8],[agent1_P1| agent1_P2| agent1_P4| agent1_P6| agent1_P8| agent1_P9],[agent1_P4],[agent1_P0| agent1_P1| agent1_P2| agent1_P3| agent1_P4| agent1_P5| agent1_P7| agent1_P9],[agent1_P0| agent1_P1| agent1_P3| agent1_P4| agent1_P5],[agent1_P2| agent1_P3| agent1_P4],[agent1_P0| agent1_P2| agent1_P9],[agent1_P2| agent1_P3| agent1_P4| agent1_P8| agent1_P9],[agent1_P0| agent1_P3| agent1_P4| agent1_P5| agent1_P8],[agent1_P0| agent1_P2| agent1_P4],[agent1_P2| agent1_P4| agent1_P5| agent1_P6| agent1_P7| agent1_P8],[agent1_P0| agent1_P1| agent1_P8],[agent1_P1| agent1_P2| agent1_P6| agent1_P8| agent1_P9],[agent1_P0| agent1_P2| agent1_P4| agent1_P5| agent1_P6| agent1_P8| agent1_P9],[agent1_P3| agent1_P5| agent1_P8],[agent1_P9],[agent1_P0| agent1_P1| agent1_P2| agent1_P3| agent1_P4| agent1_P9],[agent1_P1| agent1_P3| agent1_P5],[agent1_P0| agent1_P1| agent1_P2| agent1_P4| agent1_P5| agent1_P6| agent1_P7| agent1_P8| agent1_P9],[agent1_P5| agent1_P6],[agent1_P1| agent1_P4| agent1_P5| agent1_P8| agent1_P9],[agent1_P0| agent1_P3| agent1_P5| agent1_P7],[agent1_P3| agent1_P8| agent1_P9]
O:HIGH:07,14.727919907129209,13.64721033622382,14.719735939066718,13.648052615384083,13.638630587401623,14.719736530311573,-0.007536222410132034,-6.2385783781085E-5,7.798223320133897E-4,-0.009198832008980971,3.231357857589868,-0.008088899150167368,-6.241389882973826E-5,-0.009748601391935941,-0.007536222410132034,-6.238940765974101E-5,-0.008646253498544294,-0.007536502982825504,-5.53360223906835E-5,-0.008089179685014042,-0.007536505091572683,-5.530607745338099E-5,4.991297493713042E-6,-0.00864214241013196,-0.00809329349363091,-0.00974777915016737,7.798223320133897E-4,-0.008096192851455006,-0.006983262119998753,-0.008641292773438752,-0.009751792008980971,-0.008642706102056356,-0.007536504800802162,-0.009748059867305503,-0.00808861363997726,-0.008093323443534356,0.09420277468990378,-0.007535372483750861,-6.239104890839004E-5,-6.239121867141301E-5,-0.00974777915016737,-0.008145088964259644,-0.00808833248375086,-0.00974777915016737,
O:HIGH:08,-0.007536220294832818,14.725035034725423,-0.007536220294832818,-0.00974806029483282,-0.00974806029483282,-0.008641292338869927,14.71973239557974,14.717524948122561,-0.007536788206009653,-5.2151218524037105E-5,-0.00864214241013196,4.311911100849833,-5.1772576586065194E-5,-0.009748601391935941,-0.007536222410132034,-0.008089436464577826,-5.531150711388121E-5,-0.007536502982825504,-0.008088332773438754,-0.00808946494683453,-0.008641575600375746,-5.530607745338099E-5,-0.0075407629053976305,-0.00864214241013196,-4.8258157544098966E-5,-0.008093291693914631,-0.007536502982825504,-0.008646283455142605,-0.0097521716921466,-0.008641292773438752,0.12190214615183247,-0.009751792008980971,-0.007536504800802162,-0.008642425103519527,-6.238578656107118E-5,-0.009747778860749635,-0.009800430022121494,-0.009198832008980971,-0.009748059867305503,-0.009747778860749635,-0.00974777915016737,-5.5338190921766214E-5,-0.00808833248375086,-0.007540649839108221,
O:HIGH:10,-0.00864587200898097,17.96721033622382,16.877524947978266,-0.007535372483750861,-0.008642139871104213,-0.00753619696115468,-0.007536222410132034,16.878631436553874,15.799180263345344,-6.238940765974101E-5,-0.00864214241013196,4.9911526127792815E-6,5.3908017177581735,-0.009748601391935941,-0.007536222410132034,-0.0097521716921466,-5.531150711388121E-5,-0.008145088964259644,-5.53360223906835E-5,-0.007535372483750861,-0.00808833248375086,-5.5338190921766214E-5,-0.008093677583715637,-0.007536221975192304,-0.008641292773438752,-0.008093291693914631,-5.5304273750008025E-5,4.1412263801489506E-6,-0.0097521716921466,-0.008641292773438752,-0.009748059867305503,-0.009751792008980971,-0.007536504800802162,-0.009748628206009653,-0.0075403353043201745,-0.008093323466634935,-0.009195666102056355,-0.009198832008980971,-0.009748059867305503,6.028977928105628E-4,-0.00974777915016737,-5.5338190921766214E-5,-0.007540331692146599,-0.007540649839108221,
Y:HIGH:07,-0.00864587200898097,-0.0022376925473058086,-0.009199211692146598,-0.009751792008980971,13.638630587401623,-0.00753619696115468,13.639736504862595,15.797524948122561,14.718631434933858,-0.009198832008980971,-0.00864214241013196,-0.008088899150167368,-5.1772576586065194E-5,3.240603261032432,-0.007536222410132034,-5.533601082973825E-5,-0.008646253498544294,-0.008145088964259644,-0.007536222410131958,-0.008089179685014042,-0.00808833248375086,-5.530607745338099E-5,-0.008093677583715637,-0.00864214241013196,-6.241146885747823E-5,-0.008093291693914631,-0.00754033169484092,-0.008096192851455006,-0.008642422986543935,-0.008641292773438752,-0.009751792008980971,-0.009751792008980971,-0.007536504800802162,-0.009748059867305503,-0.007536221975192304,-0.00698699200898097,-6.239122051846179E-5,-0.007535372483750861,-6.239104890839004E-5,-6.239121867141301E-5,-0.00974777915016737,-0.008145088964259644,-0.00808833248375086,-0.00974777915016737,
M:HIGH:05,-0.00864587200898097,-0.008088899150167368,-0.009747779294463639,-0.00974806029483282,15.798630587401624,-0.00864659233152597,15.799736504862596,-0.008641290718855039,13.638631434933858,-6.238940765974101E-5,-0.00864214241013196,-0.008088899150167368,-0.008089465091572686,-0.009748601391935941,3.232463777589868,0.10807814615183248,-0.008646253498544294,-0.008145088964259644,-5.53360223906835E-5,-0.008641290718855039,-0.00864659233152597,-5.5338190921766214E-5,-0.0075407629053976305,-0.007536221975192304,-0.007536788206009653,-0.008093291693914631,-0.007536504800802162,-0.008096192851455006,-0.008642422986543935,-0.008641292773438752,-0.008641292773438752,-0.0086462516921466,-0.007536504800802162,-0.009748059867305503,-0.007536221975192304,-0.008642706102056356,-0.009195666102056355,-0.007535372483750861,-0.009748059867305503,-0.00919481694989504,-0.00974777915016737,-5.5338190921766214E-5,-0.006986543927383838,-0.007540649839108221,
O:HIGH:02,15.807875625065538,16.88721033622382,-0.00808833248375086,-0.00974777915016737,-0.008145088964259644,-0.00753619696115468,-0.007536222410132034,0.0942027536854102,-0.007035633647848205,-0.009198832008980971,-0.00864214241013196,6.917001353717281E-4,-5.8843215896005506E-5,-0.009748601391935941,-0.007536222410132034,5.39994469572625,-0.008646253498544294,-0.007536502982825504,6.02829821973186E-4,-0.008089179685014042,-0.00808833248375086,0.11494582627570443,-0.0075407629053976305,-0.00864214241013196,-0.008641292773438752,-0.008093291693914631,-0.007536502982825504,-0.008096192851455006,-0.008642422986543935,-0.008641292773438752,-0.009751792008980971,-0.0086462516921466,-0.007536504800802162,-0.008642425103519527,-0.00808861363997726,-0.008642706102056356,-0.009195666102056355,-0.009198832008980971,4.42688179125468E-6,-0.00919481694989504,-0.0075407629053976305,7.798447893844403E-4,6.470666218751004E-4,-0.00974777915016737,
O:HIGH:04,13.640285355578813,13.640289464862596,-0.008093298941670995,0.0942027536854102,-0.008093298941670995,-6.239122051846179E-5,13.638631152670637,13.646225413053948,-0.008641292338869927,13.647210337865069,-0.00864214241013196,-0.008088899150167368,-0.007536221975192304,-0.009748601391935941,-0.007536222410132034,6.917002798835436E-4,3.2313537465014557,-5.179711322669437E-5,-0.007536222410131958,-0.008641290718855039,-0.00808833248375086,-5.530607745338099E-5,-0.008093677583715637,-0.007536221975192304,-0.007536788206009653,-0.008093291693914631,-5.5304273750008025E-5,4.143781603089593E-6,-0.006983262119998753,-0.008641292773438752,-0.008641292773438752,-0.008642706102056356,-0.007536504800802162,-0.0075549863514010225,-0.00808861363997726,-0.008093323443534356,-0.009195666102056355,-0.007535372483750861,-0.009748059867305503,-6.239121867141301E-5,-0.00974777915016737,-0.008145088964259644,-0.008138037517498897,-0.00974777915016737,
M:HIGH:04,-0.00864587200898097,13.64721033622382,14.727923770274128,-0.007535936949895039,-0.00974806029483282,-0.00864659233152597,-0.007540331692986917,-5.530608384240478E-5,6.471119320133896E-4,-0.00808833248375086,-0.00864214241013196,6.917273865220776E-4,-6.241389882973826E-5,-0.009748601391935941,-0.007536222410132034,-0.007535372483750861,7.798675957467624E-4,3.2302522208498328,-0.008088899150167368,-0.00808946494683453,-0.00808833248375086,-5.530607745338099E-5,-0.0075407629053976305,-0.007536221975192304,0.12185074834131877,-0.008093291693914631,-6.238578656107118E-5,-0.008646283455142605,-0.006983262119998753,-0.008641292773438752,-0.008641292773438752,-0.0086462516921466,-6.239121867141301E-5,-0.009748059867305503,-0.007536221975192304,-0.008642706102056356,-0.008642139871104213,-0.008088899150167368,-6.239104890839004E-5,6.913259681672623E-4,3.240603226535439,-5.5338190921766214E-5,-0.006986543927383838,-0.007536505235444873,
Y:HIGH:04,-0.00864587200898097,-6.239104890839004E-5,13.637524947978264,-0.007535372483750861,-0.00974806029483282,-0.008641292338869927,-0.007536222410132034,-5.530608384240478E-5,-0.008641292338869927,-0.009198832008980971,-0.00864214241013196,-0.008088899150167368,-5.8843215896005506E-5,-0.009748601391935941,-0.007536222410132034,-5.533601082973825E-5,-0.008646253498544294,-5.179711322669437E-5,3.232463777589868,-0.008641290718855039,0.10112185257512063,-5.530607745338099E-5,-0.008093677583715637,-0.00864214241013196,-6.241146885747823E-5,-0.007536504946834527,-6.238578656107118E-5,-0.008646283455142605,-0.008642422986543935,-0.008641292773438752,6.913713928105568E-4,-0.0086462516921466,-0.007536504800802162,-0.009748059867305503,-0.0075403353043201745,-0.008093323443534356,-0.009195666102056355,-0.009198832008980971,-0.009748059867305503,6.913713928105568E-4,-0.00974777915016737,-5.5338190921766214E-5,-0.007540331692146599,-0.007540649839108221,
M:HIGH:10,16.878626855263747,0.08734214616233646,14.719184394788977,14.719736790322832,15.798630587401624,14.718631434933858,15.799736504862596,14.72622541305395,14.718631434933858,-0.009198832008980971,-0.00864214241013196,-0.008088899150167368,7.356532881645085E-4,-0.009748601391935941,-0.007536222410132034,-6.238940765974101E-5,0.08729078012665041,-0.008145088964259644,-0.008088899150167368,4.311358709281145,-0.00808833248375086,-5.530607745338099E-5,-6.238758315075523E-5,-0.006987375319648712,-0.006987734979681229,-0.007536504946834527,-0.007536502982825504,-0.008646283455142605,-0.006983262119998753,-0.008641292773438752,-0.008641292773438752,-0.00919481694989504,6.029203957467622E-4,-0.009748059867305503,-4.823527290839004E-5,-0.008093323443534356,-0.009195666102056355,-0.007535372483750861,-0.009748059867305503,-0.009747778860749635,-0.00974777915016737,-5.5338190921766214E-5,-0.00808833248375086,-0.006987371532720024,
Y:HIGH:05,-0.00864587200898097,-6.239104890839004E-5,-5.8872524857478234E-5,16.877524666977894,-0.00974806029483282,-6.239122051846179E-5,15.799736504862596,15.806225413053948,19.03973678841198,15.798073895263746,-0.00864214241013196,-0.008088899150167368,-5.1765327895059794E-5,-0.009748601391935941,-0.007536222410132034,-0.008088899150167368,-5.531150711388121E-5,-0.008088332773438754,-0.008088899150167368,-0.008089179685014042,5.391911667516249,-5.5338190921766214E-5,-0.0075403353043201745,-0.00864214241013196,-0.007536788206009653,6.913713928105568E-4,7.801433607184777E-4,-0.008096192851455006,-0.006987734979681229,-0.008641292773438752,-0.009748059867305503,-0.009751792008980971,-0.007536504800802162,-0.009748059867305503,-6.238578656107118E-5,-0.00864659233152597,-0.009195666102056355,-0.008088899150167368,-0.009748059867305503,-6.239121867141301E-5,-0.00974777915016737,6.028976235866255E-4,-0.00808833248375086,-0.00974777915016737,
M:HIGH:03,7.80173735371728E-4,-6.239104890839004E-5,13.639736506977895,16.879736790322834,-0.008642139871104213,-0.00864659233152597,-0.007540331692986917,13.646225413053948,14.719180263345343,-0.009198832008980971,6.913034218751003E-4,-0.008088899150167368,-6.241389882973826E-5,0.11499014615183245,-0.007536222410132034,-6.238940765974101E-5,0.10801615966798439,-5.179711322669437E-5,-5.53360223906835E-5,-0.008089179685014042,-0.00808833248375086,3.3273421461739328,-0.0075407629053976305,-0.00864214241013196,-0.007536788206009653,-0.008093291693914631,-0.007536502982825504,-0.008646283455142605,4.991283912671204E-6,-0.008641292773438752,-0.009748059867305503,-0.008642706102056356,6.47066598700069E-4,-0.009748059867305503,-4.823182064123075E-5,-6.239121867141301E-5,-0.009195666102056355,-0.009198832008980971,0.09436810919965449,-0.009747778860749635,-0.00974777915016737,-5.5338190921766214E-5,-0.008138037517498897,-0.00974777915016737,
Y:HIGH:11,14.718626855263746,-6.239104890839004E-5,13.639184394788977,0.11492815604688573,-0.00974806029483282,14.728008589852074,14.719736504862595,-0.0010473142187790504,13.74843412738499,14.718073895263746,-0.00864214241013196,-0.008088899150167368,5.589235141907071E-4,-0.009748601391935941,-0.007536222410132034,7.798902564807723E-4,-0.008646253498544294,-0.008145088964259644,0.11499014615183245,6.043989081120819E-4,-0.00808833248375086,-5.530607745338099E-5,3.232459237094602,-6.239121867141301E-5,6.917273865220776E-4,-0.007536504946834527,-5.5304273750008025E-5,-0.008646283455142605,-0.006983262119998753,-0.008641292773438752,-0.008641292773438752,-0.009751792008980971,-0.007536504800802162,-0.008642425103519527,-4.823527290839004E-5,-0.009747778860749635,-0.009195666102056355,-0.007535372483750861,-0.009748059867305503,-6.239121867141301E-5,-0.0075407629053976305,-5.5338190921766214E-5,-0.007540331692146599,-0.007540649839108221,
Y:HIGH:01,6.510430013999119E-4,4.427055273741298E-6,-5.8869006347688544E-5,-0.007535936949895039,-0.00974806029483282,13.638631434933858,-0.007536222410132034,-6.238578656107118E-5,-0.008138037517498897,-0.009198832008980971,-0.00974805985476055,-0.008088899150167368,-5.1772576586065194E-5,-0.009748601391935941,-0.007536222410132034,-5.533601082973825E-5,-0.008646253498544294,-0.007536502982825504,-0.007536222410131958,-0.008089179685014042,-0.00808833248375086,4.4249205691104965E-6,-0.008093677583715637,3.231357857589868,-0.008641292773438752,-0.008093291693914631,-0.007536502982825504,-0.008646283455142605,6.476954281164006E-4,-0.008641292773438752,-0.009751792008980971,-0.009751792008980971,4.424486707392383E-6,-0.009748059867305503,-0.00808861363997726,-0.00753619696115468,-0.009195666102056355,-0.007535372483750861,-0.009748059867305503,-6.239121867141301E-5,-0.00974777915016737,-5.5338190921766214E-5,-0.009199211692146598,-0.00974777915016737,
Y:HIGH:09,17.95862685526375,17.96721033622382,-0.008093298941670995,15.799737354788977,16.981479014558047,15.80735651241023,19.03863143449929,15.807217421188886,-0.008138037517498897,15.807210337865069,-0.008093291693914631,-0.008088899150167368,-6.241389882973826E-5,-0.009748601391935941,-0.007536504946834527,-0.0097521716921466,-5.531150711388121E-5,-0.008093654969251407,-6.238758307046754E-5,-0.008641290718855039,-0.00808833248375086,-5.530607745338099E-5,-0.0075407629053976305,-5.1799391803209014E-5,5.392463211793991,-0.008093291693914631,-5.5304273750008025E-5,4.991283912671204E-6,-0.006983262119998753,-0.008641292773438752,-0.009751792008980971,-0.00919481694989504,-0.007536504800802162,-0.008642425103519527,-0.0075403353043201745,-0.008642706102056356,-0.009195666102056355,-0.007535372483750861,-0.009748059867305503,-0.009198282241826334,-0.00974777915016737,0.10802678012664949,-0.006986543927383838,-0.007540649839108221,
Y:HIGH:08,-0.00864587200898097,13.64721033622382,-0.007536220294832818,-0.007535936949895039,14.719127638308468,13.638631434933858,-0.007536222410132034,13.648008633833445,-0.008641292338869927,13.638073895263746,-0.00864214241013196,-0.00864659233152597,6.913033871095943E-4,-0.009748601391935941,-0.007536222410132034,0.09420278012664947,-5.531150711388121E-5,-0.008145088964259644,-0.007536222410131958,-0.008089179685014042,-0.00864659233152597,4.991297493713042E-6,-0.0075407629053976305,-0.00864214241013196,-6.241146885747823E-5,3.2324634950531657,-0.00754033169484092,0.0942027536854102,-0.0097521716921466,-0.008641292773438752,-0.008641292773438752,-0.0086462516921466,-0.007536504800802162,-0.009748059867305503,0.11494582627570443,-0.008642706102056356,7.798881113548754E-4,-0.007535372483750861,-6.239104890839004E-5,-6.238578470879769E-5,-0.00974777915016737,-0.008145088964259644,-0.006986543927383838,-0.007540649839108221,
M:HIGH:11,-0.00864587200898097,-8.039597317761851E-4,-5.176895456107117E-5,-0.009751792008980971,14.717524666977894,13.647875670329208,13.639736504862595,-0.008641290718855039,-0.008641292338869927,-6.238940765974101E-5,-0.00864214241013196,-0.008088899150167368,-5.1772576586065194E-5,-0.009748601391935941,0.09419923575937039,-0.0097521716921466,0.10807814615183248,-0.007536502982825504,-0.007536222410131958,-0.008089179685014042,-0.00864659233152597,-5.530607745338099E-5,-0.008093677583715637,-5.531152336321928E-5,-0.007536788206009653,-0.007536504946834527,3.239944661809078,-0.008096192851455006,-0.006983262119998753,-0.008641292773438752,-0.009751792008980971,-0.009751792008980971,-0.007536504800802162,7.798223088599709E-4,-0.00808861363997726,-0.00864659233152597,-0.009195666102056355,-0.007535372483750861,-0.009748059867305503,7.356532881645085E-4,-0.00974777915016737,-5.1797270038619895E-5,-0.007540331692146599,-0.007540649839108221,
M:HIGH:01,15.798626855263747,6.917026764114084E-4,-0.009199211692146598,-0.00974806029483282,-0.00974806029483282,-6.239122051846179E-5,14.719736504862595,14.72622541305395,-0.007535938860749632,-0.00808833248375086,-0.00864214241013196,6.029430564807723E-4,-5.8843215896005506E-5,-0.009748601391935941,-0.007536222410132034,-0.0097521716921466,-5.531150711388121E-5,-0.008145088964259644,-0.008088899150167368,-0.008641290718855039,-0.00808833248375086,-4.8231823424845025E-5,-0.008093677583715637,-0.00864214241013196,0.12185074834131877,-0.007536504946834527,0.11498540011226213,4.421166146151832,-0.006983262119998753,-0.008641292773438752,-0.009751792008980971,-0.008642706102056356,-0.007536504800802162,-0.008642425103519527,-4.823182064123075E-5,6.913033871095943E-4,-0.009195666102056355,-0.009198832008980971,-6.239104890839004E-5,-6.238578470879769E-5,-0.00974777915016737,-5.5338190921766214E-5,-0.008138037517498897,-0.007540649839108221,
O:HIGH:01,15.797524382325893,-6.239104890839004E-5,7.798447893844403E-4,-0.007535936949895039,16.879127638308468,19.03863143493386,17.967964030694603,-5.530608384240478E-5,16.879180263345344,-0.00808833248375086,-0.00864214241013196,-0.008088899150167368,-5.1772576586065194E-5,-0.009748601391935941,-0.007536222410132034,-0.007535372483750861,-0.008646253498544294,-0.008145088964259644,-0.007536222410131958,-0.008641292629492684,-0.00808833248375086,-5.530607745338099E-5,-0.008093677583715637,-0.006987375319648712,-0.007536788206009653,-0.00974777915016737,4.42688179125468E-6,-0.008646283455142605,5.501170969796446,-0.008641292773438752,-0.008642422986543935,6.471343748011235E-4,6.917273865220776E-4,-0.009748059867305503,-4.823527290839004E-5,-0.008093323443534356,-0.009195666102056355,-0.009198832008980971,-6.239104890839004E-5,-0.009747778860749635,-0.00974777915016737,-5.5338190921766214E-5,-0.006986543927383838,-0.007540649839108221,
O:HIGH:05,-0.00974834494683453,19.04721033622382,-0.00808833248375086,-0.00974777915016737,15.797524666977894,17.967210336052208,-0.008641574602090777,16.878631436553874,16.878631434933858,-0.009198832008980971,-0.00864214241013196,-0.008088899150167368,-5.176895456107117E-5,-0.009748601391935941,-0.007536222410132034,-0.0097521716921466,-0.008646253498544294,-0.008145088964259644,-0.008088899150167368,-0.00808946494683453,-0.008641575600375746,-5.530607745338099E-5,-0.0075407629053976305,-0.00864214241013196,-0.007536788206009653,-0.007536504946834527,-0.007536502982825504,-0.008646283455142605,-0.006983262119998753,5.390248207991019,-0.009751792008980971,-0.0086462516921466,-5.5338481837152505E-5,-0.0075549863514010225,-0.006986543927383838,-0.008093323443534356,-0.009195666102056355,-0.007535372483750861,-0.009748059867305503,-0.00919481694989504,-0.00974777915016737,-5.5338190921766214E-5,-0.007540331692146599,-0.007540649839108221,
O:HIGH:03,-0.00864587200898097,-0.008088899150167368,-0.008093298941670995,-0.00974806029483282,-0.008642139871104213,13.639736530311573,13.639736504862595,13.647217421188886,-0.008641292338869927,-0.00808833248375086,-0.00864214241013196,-0.008088899150167368,-5.8843215896005506E-5,-0.009748601391935941,-0.007536222410132034,-0.0097521716921466,-5.531150711388121E-5,-0.009751792008980971,-0.007536222410131958,-0.008641290718855039,-6.272275214157758E-5,-5.530607745338099E-5,-0.0075403353043201745,-0.007536221975192304,-6.241146885747823E-5,4.1412263801489506E-6,-0.007536502982825504,-0.008096192851455006,-0.006983262119998753,-0.008641292773438752,3.231358707226561,7.798223320133897E-4,-0.007536502986543936,-0.009748628206009653,-0.00808861363997726,-0.008642706102056356,-0.009195666102056355,-0.007535372483750861,-0.009748059867305503,-0.00919481694989504,-0.00974777915016737,-5.5338190921766214E-5,-0.00808833248375086,-0.007540649839108221,
M:HIGH:07,-0.00864587200898097,14.72721033622382,15.797524947978264,16.98147548095814,-0.008145088964259644,15.798631434933858,14.727919839204741,-0.008641290718855039,15.798631434933858,-6.238940765974101E-5,-0.00974806029483282,-0.008088899150167368,-6.241389882973826E-5,-0.009748601391935941,-0.007536222410132034,-0.0097521716921466,-5.531150711388121E-5,-0.008088332773438754,0.09420277468990378,-0.007535372483750861,-0.00808833248375086,-0.007280773385408686,6.032265355872736E-4,-0.007536221975192304,-6.241146885747823E-5,-0.007536504946834527,-0.007536502982825504,-0.008646283455142605,-0.006983262119998753,-0.008641292773438752,-0.008641292773438752,4.320691303421875,-0.007536504800802162,-0.009748059867305503,-0.00808861363997726,-0.009747778860749635,-0.009195666102056355,-0.009198832008980971,-6.239104890839004E-5,-6.239121867141301E-5,-0.00974777915016737,-6.239121867141301E-5,-0.00808833248375086,-0.00974777915016737,
M:HIGH:02,-0.00864587200898097,-6.239104890839004E-5,7.7986761883559E-4,-0.007535936949895039,4.991297493713042E-6,-0.008641292338869927,-0.007536222410132034,13.638631436553872,14.815218102525973,13.647210337865069,-0.00864214241013196,-0.008088899150167368,-6.241389882973826E-5,-0.009748601391935941,-0.007536222410132034,-0.0097521716921466,-5.531150711388121E-5,-0.009751792008980971,-5.53360223906835E-5,-0.00808946494683453,-0.00808833248375086,-5.530607745338099E-5,-6.238758315075523E-5,-0.007536221975192304,-6.241146885747823E-5,-0.008641292773438752,-5.5304273750008025E-5,-0.008646283455142605,-0.006983262119998753,-0.008641292773438752,-0.009748059867305503,-0.009751792008980971,3.2324634970134563,-0.009748059867305503,-4.823527290839004E-5,-0.00753619696115468,-0.009195666102056355,-0.008088899150167368,-6.239104890839004E-5,-6.239121867141301E-5,-0.00974777915016737,-5.5338190921766214E-5,-0.00808833248375086,-0.007540649839108221,
Y:HIGH:03,13.734559968453523,-0.008088899150167368,15.797524947978264,-0.00974806029483282,-0.008642139871104213,-0.008641292338869927,14.719736504862595,-0.0010473142187790504,13.63913468975523,14.719184394788977,-0.00864214241013196,-0.008088899150167368,-5.1772576586065194E-5,-0.009748601391935941,-0.007536222410132034,-0.007535372483750861,-5.531150711388121E-5,-0.008145088964259644,-5.53360223906835E-5,-0.008089179685014042,-0.00808833248375086,-5.530607745338099E-5,-0.008093677583715637,-0.00864214241013196,-6.241146885747823E-5,-0.008093291693914631,0.09420631183543159,-0.008646283455142605,-0.006983262119998753,-0.008641292773438752,-0.009751792008980971,-0.008641292773438752,-0.007536504800802162,3.2313575748964807,-0.006986543927383838,-0.00698699200898097,-0.009195666102056355,-0.008088899150167368,0.08734219149560889,-0.009198282241826334,-0.00974777915016737,6.913713928105568E-4,-0.00808833248375086,-0.007540649839108221,
M:HIGH:12,15.799736506977895,14.72721033622382,14.719736506977895,-0.007535936949895039,-0.00974806029483282,14.718631434933858,13.63973239557974,15.798631436553872,13.638631434933858,-0.009198832008980971,-0.00864214241013196,-0.008088899150167368,-6.241389882973826E-5,-0.009748601391935941,6.070876357000456E-4,-5.533601082973825E-5,-0.008646253498544294,-0.008093654969251407,-0.007535372774664824,0.11497852802282915,-0.00808833248375086,-5.5338190921766214E-5,-0.008093677583715637,0.0872907764999844,-0.007536788206009653,-0.007536504946834527,-5.5304273750008025E-5,0.09420278012665041,-0.006983262119998753,-0.008641292773438752,-0.009751792008980971,-0.008641292773438752,-0.007536504800802162,-0.008642425103519527,3.23245966469568,-0.009747778860749635,-0.009195666102056355,-0.008088899150167368,0.09419923575937039,-6.239121867141301E-5,-0.00974777915016737,-5.5338190921766214E-5,-0.006986543927383838,-0.00974777915016737,
Y:HIGH:06,-0.00864587200898097,13.63918382812256,-0.009747779294463639,-0.007535936949895039,14.717524666977894,-0.00753619696115468,-0.007536222410132034,-0.00974777915016737,13.638631434933858,-0.00808833248375086,-0.00974806029483282,-0.00974834494683453,-6.241389882973826E-5,-0.009748601391935941,-0.007536222410132034,-0.0097521716921466,-5.531150711388121E-5,-0.008088332773438754,-0.007536222410131958,-0.00808946494683453,-0.00808833248375086,-5.530607745338099E-5,-0.0075407629053976305,-0.00864214241013196,-0.007536788206009653,-0.008093291693914631,-5.5304273750008025E-5,-0.008646283455142605,-0.0097521716921466,-0.008641292773438752,-0.008641292773438752,-0.009751792008980971,-0.007536504800802162,-0.009748059867305503,-4.823527290839004E-5,3.2319066765564655,-0.009195666102056355,7.798881113548754E-4,-6.239104890839004E-5,-0.009747778860749635,-0.00974777915016737,-5.5338190921766214E-5,-0.006986543927383838,-0.00974777915016737,
Y:HIGH:12,14.718626855263746,-6.239104890839004E-5,-5.8869006347688544E-5,-0.00974806029483282,-0.00974806029483282,-0.008641292338869927,-0.007536222410132034,-0.008641290718855039,-0.008641292338869927,-0.00808833248375086,-0.00864214241013196,0.08734668724601535,-6.241389882973826E-5,-0.009748601391935941,-0.007536222410132034,-5.533601082973825E-5,-5.531150711388121E-5,-0.008088332773438754,-5.53360223906835E-5,-0.008641290718855039,-0.00808833248375086,-5.530607745338099E-5,-0.008093677583715637,-0.007536221975192304,-0.007536788206009653,-0.007536504946834527,-5.530969517506698E-5,-0.008646283455142605,-0.008641292629492684,-0.0075885954462505695,-0.008641292773438752,-0.008641292773438752,-6.239121867141301E-5,-5.885226305316069E-5,-4.823182064123075E-5,-0.008642706102056356,4.310804333897944,-0.007535372483750861,-0.009748059867305503,-0.009198282241826334,-0.00974777915016737,-5.1797270038619895E-5,-0.008138037517498897,-0.007540649839108221,
M:HIGH:08,14.719732388331057,-6.239104890839004E-5,-0.007536220294832818,-0.007535936949895039,15.797524666977894,14.718626134941202,15.799736504862596,14.719179072293047,-0.008641292338869927,16.913114656215395,-0.00864214241013196,-0.008088899150167368,-6.241389882973826E-5,-0.009748601391935941,-0.00809329349363091,-0.0097521716921466,-0.008646253498544294,-0.009751792008980971,-5.53360223906835E-5,-0.008089465091572686,-0.00808833248375086,-5.530607745338099E-5,-0.008093677583715637,-0.00864214241013196,-0.008641292773438752,-0.007536504946834527,-5.530969517506698E-5,-0.008646283455142605,-0.006983262119998753,-0.008641292773438752,-0.008641292773438752,-0.008641292773438752,-0.007536504800802162,-0.009748628206009653,6.917002798835436E-4,-0.009747778860749635,6.516071171407717E-4,4.310801167991019,-0.009748059867305503,-0.009747778860749635,-0.00974777915016737,-5.5338190921766214E-5,-0.006986543927383838,-0.007540649839108221,
M:HIGH:09,-0.00864587200898097,15.80721033622382,-5.8869006347688544E-5,-0.007535936949895039,14.717524666977894,-0.008641292338869927,-0.008641574602090777,-0.0010473142187790504,-0.008641292338869927,14.719184394788977,-0.00864214241013196,-0.008088899150167368,-5.8843215896005506E-5,-0.009748601391935941,-0.007536222410132034,-0.0097521716921466,-5.531150711388121E-5,4.424341900000642E-6,-0.007536222410131958,7.798223320133897E-4,-0.00808833248375086,-5.530607745338099E-5,-0.008093677583715637,-0.007536221975192304,-6.241146885747823E-5,-0.008093291693914631,-0.007536502982825504,-0.008646283455142605,0.0873421686703864,-0.008641292773438752,-0.008641292773438752,0.12190214615183247,-0.007536504800802162,6.471119320133896E-4,-4.823182064123075E-5,-0.00698699200898097,-0.009195666102056355,-0.007535372483750861,4.310251940132694,-0.009747778860749635,-0.00974777915016737,-0.008145088964259644,-0.007540331692146599,-0.00974777915016737,
M:HIGH:06,17.95862685526375,13.64721033622382,13.637524947978264,14.719736790322832,-0.008642139871104213,13.638631434933858,13.639736504862595,14.718631436553872,13.639736788411978,13.639184394788977,-0.00864214241013196,-0.008088899150167368,-5.1765327895059794E-5,-0.009748601391935941,-0.007536222410132034,-5.533601082973825E-5,-0.008646253498544294,6.913713928105568E-4,6.518908114782016E-4,-0.008089179685014042,-0.00808833248375086,-5.5338190921766214E-5,-0.008093677583715637,-0.00864214241013196,-6.241146885747823E-5,-0.008093291693914631,-0.007536502982825504,-0.008646283455142605,-0.006983262119998753,-0.008641292773438752,-0.0075885954462505695,-0.0086462516921466,-0.007536504800802162,-0.009748059867305503,-0.007536220294832818,-0.008093323443534356,-6.239122051846179E-5,-0.009198832008980971,7.359065607184778E-4,3.23025222113925,4.991283912671204E-6,-5.5338190921766214E-5,-0.007540331692146599,-0.007540649839108221,
O:HIGH:11,-0.00864587200898097,13.64721033622382,14.717524947978264,-3.9930379949704343E-7,-0.008145088964259644,-0.00864659233152597,-0.007536222410132034,-0.0010473142187790504,-0.007535938860749632,6.028977928105628E-4,-0.00864214241013196,-0.008088899150167368,-6.241389882973826E-5,-0.009748601391935941,-0.007536222410132034,-6.238940765974101E-5,-5.531150711388121E-5,3.2318549110357404,-0.007536222410131958,-0.008089179685014042,-0.00808833248375086,-5.530607745338099E-5,-0.008093677583715637,-0.007536221975192304,-0.007536788206009653,-0.008093291693914631,-5.5338190921766214E-5,-0.008646283455142605,-0.0097521716921466,-0.008641292773438752,-0.009748059867305503,-0.009751792008980971,-0.007536504800802162,-0.009748059867305503,7.80173735371728E-4,-0.00753619696115468,-0.009800430022121494,-0.007535372483750861,-0.009748059867305503,-0.009747778860749635,3.2302522208498328,-5.5338190921766214E-5,-0.006986543927383838,-0.00974777915016737,
O:HIGH:09,14.718626855263746,15.80721033622382,-0.009747779294463639,-0.00974777915016737,-0.008145088964259644,15.80721033605221,4.990862776703815E-6,-6.2385783781085E-5,14.718631434933858,15.807964030694603,0.10116614615183246,-0.008088899150167368,-5.1772576586065194E-5,-0.009748601391935941,-0.007536222410132034,6.471119320133896E-4,-5.531150711388121E-5,-0.007536502982825504,-0.007536222410131958,-0.008641290718855039,-0.00808833248375086,-0.006986543927383838,-0.008093677583715637,-0.006986786703033656,-6.241146885747823E-5,-0.007536504946834527,-0.007536502982825504,-0.008646283455142605,-0.006983262119998753,-0.008641292773438752,-0.008641292773438752,-0.0086462516921466,-0.007536504800802162,-0.009748059867305503,-0.007536221975192304,-6.239121867141301E-5,-0.009195666102056355,0.006482652420302675,-6.239104890839004E-5,-0.009747778860749635,-0.00974777915016737,4.3118549110357405,-0.00808833248375086,-0.007540649839108221,
Y:HIGH:02,-0.00864587200898097,13.64721033622382,-0.007536220294832818,13.637524666977894,13.734559934536351,-0.008641292338869927,-0.007536222410132034,13.646225413053948,7.798223320133897E-4,-0.00808833248375086,-0.00864214241013196,-0.008088899150167368,-6.241389882973826E-5,-0.009748601391935941,-0.007536222410132034,-5.533601082973825E-5,-5.531150711388121E-5,-0.009751792008980971,-5.53360223906835E-5,-0.008641290718855039,-0.008641575600375746,-5.530607745338099E-5,-0.0075407629053976305,-0.007536221975192304,-0.007536788206009653,-0.00974777915016737,-0.007540740398004265,-0.008096192851455006,0.09503436779810258,-0.008641292773438752,-0.009751792008980971,-0.0086462516921466,6.47066598700069E-4,-0.009748059867305503,-0.007536221975192304,6.913033871095943E-4,-0.009195666102056355,-0.009198832008980971,-0.009748059867305503,-6.239121867141301E-5,-0.00974777915016737,-5.5338190921766214E-5,3.2324596683078535,-0.007540649839108221,
O:HIGH:06,13.638626855263746,0.09425868740562696,-0.007536220294832818,-0.00974777915016737,13.637524666977894,6.917002798835436E-4,-0.007536222410132034,-6.238578656107118E-5,14.821482579847848,-6.238940765974101E-5,-0.00974805985476055,-0.008088899150167368,-6.241389882973826E-5,-0.009748601391935941,-0.007536222410132034,-0.0097521716921466,-0.008646253498544294,0.10110415604688575,-0.008088899150167368,6.028977580153843E-4,-0.006987371693914631,-5.530607745338099E-5,-0.008093677583715637,-0.00864214241013196,4.707457271680441E-6,-0.00808833248375086,-5.5304273750008025E-5,-0.008646283455142605,-0.006983262119998753,-0.008641292773438752,-0.008641292773438752,-0.0086462516921466,-0.0075367613919359415,0.08734219149560889,-4.823182064123075E-5,0.1011112393770921,-0.009195666102056355,7.7986743892293E-4,-0.009748059867305503,-6.239121867141301E-5,-0.00974777915016737,0.12189740011226212,-0.006986543927383838,3.232459350160892,
